Model,Outcome,Category,ATE,CATE_Mean,CATE_Std,AUUC,Qini,Uplift@5%,Uplift@10%,Uplift@20%,Uplift@30%,PolicyValue,PR_AUC,ROC_AUC,F1,Brier,CATE_CalErr,Coverage,IntervalWidth,Pos_CATE_%,Neg_CATE_%,ReliablePos_%,ReliableNeg_%,Uncertain_%,Runtime_s,Memory_MB
Naive,conversion,CLASSICAL,0.0012159029673628,0.0012159029673628,4.33680868994202e-19,0.0005083719667525,0.0044375529018968,0.0008659404729844,0.0010462313523356,0.0009745611241536,0.0009663261172631,0.0030567741942723,0.0030408921914228,0.5218710130285317,0.0,0.0028989980793094,0.0003438968156984,,,1.0,0.0,,,,0.0,0.0
LogisticInteraction,conversion,CLASSICAL,0.0010394124377549,0.0010394124377549,0.0093939105173458,0.0008248209117758,0.1295132242123169,0.0102954221820087,0.0063396730775954,0.0037831438050601,0.0027689654776288,0.0029352332609057,0.1836281964262181,0.9426722969676464,0.1445716650572492,0.0026179750656731,0.0005992175555974,,,0.9669179694783684,0.0330820305216317,,,,12.6,237.7
S-Learner,conversion,META,0.0009706129249279,0.0009706129249279,0.0076808340613134,0.0008146371093624,0.1253064231022011,0.0093232999458409,0.0066970414501994,0.003905275799599,0.0027335894764171,0.0029309195412622,0.2047562359316904,0.9539011472409632,0.1257192174913693,0.0025457211245296,0.0007031672927342,,,0.9191745682635498,0.0808254317364501,,,,8.7,0.0
T-Learner,conversion,META,0.0018111059542946,0.0018111059542946,0.0170734089134588,0.0008197184122624,0.1272138543420328,0.0098130776152357,0.0065819623452849,0.004017007453292,0.002767542972507,0.0029376207832535,0.1937588652183742,0.943924586363599,0.1242646003730807,0.0025714884089419,0.0019226309775708,,,0.9341978951223664,0.0658021048776335,,,,8.2,0.0
X-Learner,conversion,META,0.0010232173764993,0.0010232173764993,0.0097977623962419,0.0007147134554908,0.0857455007036602,0.0094083556463684,0.0061180288001475,0.0035260942465337,0.002368662149631,0.0028223424388372,0.1937588652183742,0.943924586363599,0.1242646003730807,0.0025714884089419,0.0019579885138221,,,0.8614385063180188,0.1385614936819812,,,,20.5,0.0
R-Learner,conversion,META,0.0010903152672458,0.0010903152672458,0.0199550858811646,0.000671969511448,0.0692530267358475,0.0081468433180862,0.0056885695412314,0.0032252357187078,0.0022679206295753,0.002773414953433,,,,,0.0027917293139659,,,0.9406191596417444,0.0593808403582555,,,,70.3,0.0
DR-Learner,conversion,META,0.001015355490558,0.001015355490558,0.0239240504286384,0.0006195306251968,0.0486278170821368,0.0074989981798962,0.0049260269744338,0.0030156939575065,0.0020689657061785,0.0027309567333556,0.1937588652183742,0.943924586363599,0.1242646003730807,0.0025714884089419,0.0032640599424409,,,0.9648416096033312,0.0351583903966686,,,,93.2,0.0
CausalForest,conversion,STRONG_MODERN,0.0008360703013068,0.0008360703013068,0.0045048662833769,0.0008405235316457,0.1350154908218282,0.0109671151227002,0.0068763082787031,0.0040950075541047,0.0028547070824059,0.0029312694123841,,,,,0.0006769673429861,,,0.6137431751710469,0.386256824828953,,,,59.8,
UpliftRandomForest,conversion,STRONG_MODERN,0.0010746281255288,0.0010746281255288,0.0028939025988001,0.0008095542502399,0.1233355091548997,0.0095118484487716,0.0060796546128792,0.0038411779956524,0.0027404763231972,0.0029370370293419,,,,,0.0005309611481855,,,0.9640704855982936,0.0359295144017064,,,,24.3,
ClassTransformation,conversion,CLASSICAL,0.001184224908521,0.001184224908521,0.0214295649289097,0.000651825555528,0.061481375026927,0.0072911980617608,0.0052064461597196,0.0030871121484231,0.0021966839498117,0.0027536112201567,,,,,0.0029278628373599,,,0.9451514803244158,0.0548485196755842,,,,7.1,
TARNet,conversion,STRONG_MODERN,0.0009480127283446,0.0009480127283446,0.0073973338822556,0.0008954606413453,0.1572061626086996,0.0101658865512999,0.0068318639906664,0.0042027270152396,0.0030437726017606,0.0030273187086313,0.2144173106361036,0.954827525087636,0.1175789168838691,0.0025210459381891,0.0004630084702156,,,0.999726744554801,0.0002732554451989,,,,9.6,484.6
CFRNet,conversion,STRONG_MODERN,0.0018279255441285,0.0018279255441285,0.0110921874424979,0.0008962875757536,0.157402515034507,0.0105392878108852,0.007312132619462,0.0042774581902383,0.0030412438532712,0.0030284635444434,0.211923082479321,0.9538472402477935,0.1549180327868852,0.0025433512925489,0.0011217901622966,,,0.9999995231144064,4.768855937154109e-07,,,,17.3,208.5
DragonNet,conversion,STRONG_MODERN,0.0009501669508119,0.0009501669508119,0.0047432595845903,0.0008922480097222,0.1560285963647567,0.0112629060132194,0.0073747572628929,0.0043181931416435,0.0030155965697145,0.0030376819003215,0.2078288750215845,0.9538018258932944,0.1357453372598513,0.0025398740061132,0.0002881007675065,,,0.9993323601687985,0.0006676398312015,,,,7.7,0.0
DESCN-style,conversion,RECENT,0.0012446128113526,0.0012446128113526,0.0077883194163085,0.0008921452982918,0.1558849482664739,0.009801844916231,0.0070646454668461,0.004292849270876,0.003014963250255,0.003047526725856,0.2069491016132371,0.9541830423562466,0.0734446130500758,0.0025291485308006,0.0006089301174584,,,1.0,0.0,,,,8.4,0.0
CHAUN-attn,conversion,RECENT,0.0005945328372179,0.0005945328372179,0.0066113127482971,0.0008766278109021,0.150083926867472,0.0108755442008714,0.0069799021054184,0.0041808678188551,0.0029621609998453,0.0030057980827128,0.212918420129652,0.9518538408712512,0.0571161048689138,0.0025211208793724,0.0004483199463649,,,0.2622141130476375,0.7377844562955813,,,,25.2,962.0
DRA-Net,conversion,PROPOSED,0.0005951836075717,0.0005951836075717,0.0011436869817899,0.0007276728097577,0.0908863674959702,0.0074989981798962,0.0047397805000769,0.0029188331638354,0.0021881916913173,0.0030567741942723,0.1937588652183742,0.943924586363599,0.1242646003730807,0.0025714884089419,0.0003730376536479,1.0,0.120193071160719,1.0,0.0,0.0467023599637376,0.0,0.9532976400362624,104.8,
Naive,visit,CLASSICAL,0.0102915764376119,0.0102915764376119,1.734723475976807e-18,0.0051852324076815,0.0012385370265399,0.0101615002092046,0.0107708875585569,0.0101263805231064,0.0104314468492995,0.0485083357132557,0.0483200815542129,0.5146287325734943,0.0,0.044748119940759,0.0010406521377087,,,1.0,0.0,,,,0.0,0.0
LogisticInteraction,visit,CLASSICAL,0.0074972943655886,0.0074972943655886,0.0412787185411078,0.0083344384302637,0.0765759543848819,0.0865099986310219,0.0608800516823788,0.0374451694236458,0.0277426295209966,0.0473071833549961,0.463323064854315,0.9342295607160848,0.3797501141731478,0.0322871484914808,0.0066441502414146,,,0.4953634798151019,0.5046365201848981,,,,145.4,237.9
S-Learner,visit,META,0.0071138611367599,0.0071138611367599,0.0238747586308296,0.0088761576368641,0.0893438366469751,0.0911381930982074,0.060342602192809,0.0400159528012815,0.0294248823601315,0.0479913812722856,0.5170948767505613,0.9466305955323984,0.4302993589444884,0.0297659450861278,0.0013479892602437,,,0.911410870797863,0.088589129202137,,,,7.5,0.0
T-Learner,visit,META,0.0077741221217693,0.0077741221217693,0.0427833623439736,0.0078036282879031,0.0637025513570788,0.0734108364966879,0.0563428705663709,0.0365363239612347,0.0265725679994948,0.0466757950935508,0.5128337482232633,0.945862681035545,0.4276661812717347,0.0299038934348559,0.0104536812980956,,,0.7547944885378163,0.2452055114621837,,,,7.7,0.0
X-Learner,visit,META,0.0073384778679259,0.0073384778679259,0.0379260276096193,0.0082212743083727,0.073643158083156,0.0763254861585132,0.0570171322964193,0.0383351063605987,0.0277400556749352,0.0471542865008017,0.5128337482232633,0.945862681035545,0.4276661812717347,0.0299038934348559,0.0079112168498768,,,0.885139243440081,0.114860756559919,,,,19.7,0.0
R-Learner,visit,META,0.0073465359814193,0.0073465359814193,0.045906053083598,0.0078848996850391,0.065655106137626,0.0695955579400228,0.0544177451212385,0.0367090202169801,0.0265746782551005,0.0467824070951852,,,,,0.0087226236194935,,,0.9425171643047318,0.0574828356952682,,,,66.4,0.0
DR-Learner,visit,META,0.0072991257642398,0.0072991257642398,0.0587781143925507,0.0073085483085707,0.0519520449850044,0.0681914594774751,0.0514643432290131,0.0332926423931085,0.0242921928676823,0.0460693400156015,0.5128337482232633,0.945862681035545,0.4276661812717347,0.0299038934348559,0.0106198775464509,,,0.9503080442492604,0.0496919557507395,,,,91.6,0.0
CausalForest,visit,STRONG_MODERN,0.006294045098027,0.006294045098027,0.0192955326729168,0.0086402343326369,0.0836790099718666,0.0840802971883031,0.0593276344359867,0.0397385549508363,0.0292097719540996,0.0475434042931773,,,,,0.0045646195237143,,,0.7584822448340176,0.2415177551659824,,,,62.9,
UpliftRandomForest,visit,STRONG_MODERN,0.0092687998965638,0.0092687998965638,0.0219231063575688,0.0089120681510264,0.0903428125555103,0.0893133537210955,0.06144470921425,0.0389293319510378,0.0296881647633941,0.0474949439100422,,,,,0.0022452780901169,,,0.9106192407122954,0.0893807592877046,,,,25.4,
ClassTransformation,visit,CLASSICAL,0.0102192441829924,0.0102192441829924,0.0732970205015267,0.0080644340902114,0.0699975485090074,0.0769882163728072,0.0571081106803172,0.0359064806960782,0.0270565492048087,0.046796826007414,,,,,0.0135645704031485,,,0.9589797318853815,0.0410202681146185,,,,6.5,
TARNet,visit,STRONG_MODERN,0.0092600952528081,0.0092600952528081,0.0221788815786091,0.0090682860484135,0.0939012367161385,0.0968224988649759,0.0672091471221063,0.0403295571008099,0.0300314026680661,0.0481189943497098,0.5159882729601551,0.9458484493974316,0.4231913719048324,0.029810262698966,0.0023317482521221,,,0.99262353363641,0.0073764663635899,,,,17.4,589.2
CFRNet,visit,STRONG_MODERN,0.0066716147179829,0.0066716147179829,0.0192009425735593,0.0089313213066047,0.0906331696538496,0.0839920642134395,0.0615881800926661,0.0397617618128268,0.0298364115494903,0.0479319352415433,0.5141876756425239,0.94518100455648,0.4261531356051326,0.0299150906954735,0.0013016509299107,,,0.9768972774124568,0.023102722587543,,,,11.5,3.3
DragonNet,visit,STRONG_MODERN,0.0158204291815806,0.0158204291815806,0.0375622318890533,0.0087633134303144,0.0865491804206641,0.0711020162051095,0.0536281732659472,0.0382093320239282,0.0291546082842018,0.0478434112056739,0.5141164463128398,0.9455252701596072,0.4611774397893015,0.0299624048353384,0.0095601526828925,,,0.9999995231144064,4.768855937154109e-07,,,,13.3,0.0
DESCN-style,visit,RECENT,0.0009512422189119,0.0009512422189119,0.0149913845279756,0.008102090514106,0.0710136536729621,0.1008884631645509,0.0650861512590155,0.0381218671473826,0.0271987290206893,0.0466576314872526,0.5111307570295214,0.9454368846054504,0.4093281282103965,0.0299711809312179,0.0083784623598078,,,0.9039714555359024,0.0960280675785037,,,,15.1,0.0
CHAUN-attn,visit,RECENT,0.0054913573830807,0.0054913573830807,0.0217112019397734,0.0084318389505867,0.0787330627247103,0.080627554290348,0.0597459390724966,0.0390952527191417,0.0287374901385687,0.0474746000622407,0.5119316464727999,0.9451439685107595,0.3836355847493931,0.029985786161516,0.0027956426171208,,,0.906308671830702,0.0936913281692982,,,,51.1,1019.6
DRA-Net,visit,PROPOSED,0.0068739192239934,0.0068739192239934,0.0117350786420698,0.0078792880191179,0.065556154621411,0.0681914594774751,0.0514643432290131,0.0332926423931085,0.0245584810051484,0.0460693400156015,0.5128337482232633,0.945862681035545,0.4276661812717347,0.0299038934348559,0.0019877255130996,1.0,0.03650941011963,1.0,0.0,0.0890855671051947,0.0,0.9109144328948052,96.4,
DRA-Net (r-policy),visit,PROPOSED,0.0068739192239934,0.0068739192239934,0.0117350786420698,0.008652945725211922,0.0838115144237549,0.06583839682881187,0.05169634293730635,0.0382624835325967,0.029205691081380797,0.0460693400156015,0.5128337482232633,0.945862681035545,0.4276661812717347,0.0299038934348559,0.0019877255130996,1.0,0.03650941011963008,1.0,0.0,0.08908556710519476,0.0,0.9109144328948052,96.4,
DRA-Net* (TARNet backbone),visit,PROPOSED,,,,,0.09096776479696674,,,0.040620550336946615,,,,,,,,,,,,,,,,
DRA-Net (r-policy),conversion,PROPOSED,0.0005951836075717,0.0005951836075717,0.0011436869817899,0.0008421119455042403,0.13593189332117034,0.007521809856580023,0.0067801417193015315,0.004082418848407321,0.002900918191291812,0.0030567741942723,0.1937588652183742,0.943924586363599,0.1242646003730807,0.0025714884089419,0.0003730376536479,1.0,0.12019307116071902,1.0,0.0,0.046702359963737616,0.0,0.9532976400362624,104.8,
DRA-Net* (CFRNet backbone),conversion,PROPOSED,,,,,0.15040547978929847,,,0.0042503763021238695,,,,,,,,,,,,,,,,
