epoch,learning_rate,train_loss,val_loss,epoch_time,train_NET_PATIENT_REVENUE_MAE,train_NET_PATIENT_REVENUE_RMSE,train_NET_PATIENT_REVENUE_MAPE,train_NET_PATIENT_REVENUE_sMAPE,train_NET_PATIENT_REVENUE_R2,train_NET_PATIENT_REVENUE_ExplainedVar,train_NET_PATIENT_REVENUE_MedianAE,train_NET_PATIENT_REVENUE_MaxError,train_NET_PATIENT_REVENUE_MAE_scaled,train_NET_PATIENT_REVENUE_RMSE_scaled,train_TOTAL_OPERATING_EXP_MAE,train_TOTAL_OPERATING_EXP_RMSE,train_TOTAL_OPERATING_EXP_MAPE,train_TOTAL_OPERATING_EXP_sMAPE,train_TOTAL_OPERATING_EXP_R2,train_TOTAL_OPERATING_EXP_ExplainedVar,train_TOTAL_OPERATING_EXP_MedianAE,train_TOTAL_OPERATING_EXP_MaxError,train_TOTAL_OPERATING_EXP_MAE_scaled,train_TOTAL_OPERATING_EXP_RMSE_scaled,val_NET_PATIENT_REVENUE_MAE,val_NET_PATIENT_REVENUE_RMSE,val_NET_PATIENT_REVENUE_MAPE,val_NET_PATIENT_REVENUE_sMAPE,val_NET_PATIENT_REVENUE_R2,val_NET_PATIENT_REVENUE_ExplainedVar,val_NET_PATIENT_REVENUE_MedianAE,val_NET_PATIENT_REVENUE_MaxError,val_NET_PATIENT_REVENUE_MAE_scaled,val_NET_PATIENT_REVENUE_RMSE_scaled,val_TOTAL_OPERATING_EXP_MAE,val_TOTAL_OPERATING_EXP_RMSE,val_TOTAL_OPERATING_EXP_MAPE,val_TOTAL_OPERATING_EXP_sMAPE,val_TOTAL_OPERATING_EXP_R2,val_TOTAL_OPERATING_EXP_ExplainedVar,val_TOTAL_OPERATING_EXP_MedianAE,val_TOTAL_OPERATING_EXP_MaxError,val_TOTAL_OPERATING_EXP_MAE_scaled,val_TOTAL_OPERATING_EXP_RMSE_scaled
1,0.001,0.293046273291111,0.3149405539035797,4.267916917800903,13717.902810199876,16949.151911182755,9.856141360295345,9.63341348226319,0.31263288494949293,0.31268167350863874,11965.68873203607,63040.81949022028,0.6710179298475757,0.829076061076731,4874.819162948647,6321.068929932941,4.8607102772536575,4.836228757277391,0.3090733117644422,0.30912777838650807,4155.633404998924,45339.78473926442,0.6410382846729948,0.8312199999010836,17823.964475085577,21051.04340212801,10.03272711825898,10.485882741536914,-0.3980575725378357,0.0447850444125909,16545.40497919309,55934.44554892351,0.8718679457953084,1.0297220909251787,5171.325963717948,6231.269511807934,4.643507562262907,4.7088112859235585,-0.119762861473385,0.04655531210894204,5157.281942346104,32748.982575082307,0.6800289025001515,0.8194113844355064
2,0.001,0.18031262792646885,0.1543145015835762,4.2462193965911865,10624.2088209798,13253.293025291785,7.602284601514911,7.496116130634396,0.5797183711197729,0.5801106344532327,9140.83821948545,44845.87585015975,0.5196883742332291,0.6482913148270825,3609.507193882119,4891.262906342009,3.5868106087239546,3.5831787265855466,0.5862929425425394,0.5867857752422763,2923.360404079329,40586.36535841404,0.47464987371581874,0.6432006354610202,12489.939525923264,15317.680037671253,7.00516385661738,7.233181013848713,0.25977492958007153,0.46975628882727094,10913.727721816249,47655.879193945875,0.6109515048010699,0.7492718159005485,3257.147839692611,4298.733509681808,2.9176340861121504,2.943821335565946,0.4670897985461111,0.5146704130573194,3088.0988962579722,29250.432283314498,0.42831465010077485,0.5652830727049839
3,0.001,0.1055384911596775,0.07327543199062347,4.487704038619995,8035.445475749691,10186.00124201853,5.6824309171669585,5.648298924322088,0.7517437127771348,0.7519859183124846,6609.406550416927,37750.800135678466,0.3930577481954082,0.4982532360385282,2558.806890502349,3842.917607171645,2.5180046721163496,2.5293524422784137,0.7446281266845904,0.7451645155298399,1973.2775648037932,40125.744456424145,0.33648287763456153,0.5053433222230304,8150.752651280337,10351.01508358596,4.671526804767039,4.724020277525492,0.6619789972565477,0.6946952270138436,6763.2875062915555,38069.807971886534,0.3986980551207215,0.5063249688607233,2181.1438980401585,3350.0215401423798,1.9634845962062502,1.9725667227645163,0.6763555326009716,0.6824632055467714,1719.0715154940117,26746.27581806954,0.2868202278459292,0.44052753341756684
4,0.001,0.08552571535110473,0.08615223467350006,4.709873199462891,7095.74803322612,9039.900467931126,5.041923394285199,5.009123752273738,0.8044669817822288,0.8044813797023032,5782.994011901203,43229.994662898534,0.34709198788280543,0.4421911557434989,2200.1292471463357,3536.2955257971626,2.1652743533121797,2.1758703517712834,0.783754031805195,0.7840949795731615,1656.0671355217346,38275.07560269657,0.2893167995582592,0.46502254589944875,9311.301620409624,11621.666453711943,5.299443982561849,5.467127074267982,0.5738969757527768,0.7278249225663975,8166.111405526521,40795.93509908451,0.45546687594753454,0.568479502519174,2218.0654059698477,3418.166540060809,1.9981738044511694,2.023557289379719,0.6630546823972363,0.7076263517251726,1715.6851170074951,27708.29144455606,0.2916754028420971,0.4494885948224228
5,0.001,0.07592710666358471,0.06266362369060516,4.471081018447876,6830.555482486161,8672.991833930284,4.842072429114364,4.818835724613954,0.8200173336335812,0.82014429661029,5680.387755457588,35927.692472054565,0.33411996447145625,0.42424364033703427,1974.9219644403838,3363.227876877386,1.9363290054927238,1.9496586161950915,0.8044024078977164,0.8050250026304133,1436.268451816999,39814.45156373839,0.2597020619903601,0.4422641655190747,7586.4254172476685,9663.161108791415,4.376463870288342,4.412625746450808,0.7054111916843759,0.7235095684913688,6308.46650428549,36356.206552818796,0.371093712272072,0.47267825503061295,1857.9749792379828,3167.8798590052816,1.6881090779807502,1.6870867904176876,0.7105920921201911,0.7135016266696433,1206.3385881711292,25275.608569656746,0.24432354387801244,0.4165759186108022
6,0.001,0.0738319119438529,0.06484419927000999,4.1761558055877686,6701.1922043594495,8545.193081681795,4.73057394621409,4.711682200743315,0.8252824356168139,0.8254880349025393,5576.015733800057,37576.69487756022,0.32779209640824625,0.41799230182287583,1963.4989902727132,3350.0219439870652,1.9251511455095183,1.9371053566909304,0.8059354455121265,0.8063382624027408,1433.4118412028765,40855.74728096237,0.25819994190722695,0.4405275865231069,7729.607207180692,9809.550830231066,4.469103705577775,4.546121351801213,0.6964179797816474,0.7375545405051727,6089.343876885192,38530.98701066355,0.378097519603415,0.479838979901645,1840.62752735698,3171.100898399236,1.665903381573191,1.6782604805091847,0.710003264113872,0.7144695710491751,1330.0267169509898,27530.493077838386,0.24204235550455103,0.41699948500351236
7,0.001,0.07729996386915446,0.14512204974889756,4.655134916305542,6735.236001960157,8701.525614196016,4.778096241653428,4.7427959427331965,0.8188311146485912,0.818867148053029,5406.581868094741,40917.149894170405,0.32945736542977566,0.42563938416388225,2002.0591506608982,3394.6633757453897,1.96488448414341,1.9761916723060522,0.8007288873654643,0.8010617163521218,1463.8188620801666,40382.48716271231,0.2632705995553778,0.44639793081345663,12343.572440839098,14666.835678922971,6.983387138940997,7.31085483674629,0.321342495871625,0.7358636430553888,11443.51582452972,45982.39209107403,0.6037918871984452,0.717435445552778,3201.3037318764295,4219.744398439121,2.8626650057579726,2.921711858454891,0.48649428784087156,0.7244305950096566,2935.0529086908646,29320.47967042036,0.4209711549090629,0.5548960116292191
8,0.001,0.0777285885065794,0.11506352573633194,4.116341829299927,6803.674092792159,8647.291669839551,4.820454358762865,4.800489320242957,0.8210824172373983,0.8214037060724508,5552.306531055685,37527.965949291916,0.33280504813814593,0.4229865042322294,2040.4873895883168,3421.8407150890635,2.005646754674929,2.0175820785143355,0.7975254255423271,0.797802358149496,1512.494038737117,38857.5081412662,0.26832390954321655,0.44997174851058463,10606.528483298296,13070.429642885812,5.946389337226228,6.174730612588648,0.4610387641317971,0.7193811191228938,9043.313578798057,43849.342916422,0.5188235318623364,0.6393464629787559,2719.404229743408,3831.1275083244573,2.414998680400645,2.4563600101235274,0.5767215079891459,0.7098090694865757,2328.8573106270487,28535.00696205799,0.3576014134056125,0.5037929252773199
9,0.001,0.07175083085894585,0.09980387091636658,4.771728038787842,6591.8307176633725,8423.495834034118,4.652643383059262,4.636485336321269,0.8302235152185372,0.8304700307813337,5313.191838047787,35151.281644337025,0.3224426257622455,0.412039421392496,1915.568464685746,3308.6801284229773,1.8798230768812454,1.8893990157176794,0.8106956986163436,0.8107064330247282,1401.345545158445,41309.83563769696,0.2518970820720819,0.4350911414676887,9506.57492578517,11903.229736299734,5.347409013420727,5.527901362895453,0.5530000914466232,0.7384268151530655,7974.891047633049,41696.06955979223,0.46501876525164626,0.5822523082911077,2556.9036552603793,3688.2763567603547,2.2722120988053063,2.3095493314690034,0.6076985643045678,0.7198291402932699,2165.0318302099186,28704.823850579618,0.3362326023701755,0.48500801160129664
10,0.001,0.06957707982510328,0.06475828886032105,4.848353385925293,6458.227484122312,8266.459296147592,4.563376973343735,4.544596277228042,0.8364946868603657,0.8367384572599341,5294.68112981657,34727.57654966146,0.31590735820480187,0.40435790228414537,1870.0847905351409,3277.0740399337715,1.8294986735874024,1.8427589170092815,0.8142950743384839,0.8150335672764892,1359.6965028495615,40047.09251313434,0.245915982982348,0.43093494365335006,7484.720728213752,9488.655487051054,4.341592235061472,4.383556391064318,0.7159549926557316,0.7322501964439732,5892.086100587971,38784.08049637571,0.36611877763114525,0.464142227135743,1869.7273831493076,3186.6000954542073,1.6860762489362584,1.696548412064089,0.7071615375491431,0.7104329999730088,1352.5863275229349,28159.63819088653,0.24586898394302253,0.41903762803237454
11,0.0005,0.07101094294339419,0.11538358479738235,4.5665037631988525,6477.812973502894,8315.272030998653,4.579884894117518,4.5590388059592595,0.8345580159861535,0.8346645211613453,5290.71334517088,38512.90067923453,0.3168653920034841,0.4067456010995651,1890.3397749683793,3305.5106334204597,1.8532624322274385,1.8650526874159572,0.8110582067068044,0.8113274784552502,1354.763073228998,40742.466188119826,0.24857951162682548,0.43467435315785025,10135.44515817041,12660.737143031021,5.684433723632803,5.888486549915719,0.49429670035934814,0.7120027948300226,8409.311649863666,42941.28727411214,0.4957802604536785,0.6193061538345452,2786.702203911093,3922.671367594036,2.4729014304656824,2.515525602114245,0.5562515600873312,0.6909890969856893,2389.819884527751,29196.1179558656,0.3664510909998734,0.5158309345976535
12,0.0005,0.06993704233318568,0.06633339673280716,4.447843074798584,6432.166020872374,8238.7870597443,4.549524125083521,4.527673218920885,0.8375875331361251,0.8377026721818537,5233.611396580076,34357.03719424855,0.3146325489747956,0.40300430129698983,1848.0462261755376,3266.6581897171473,1.8114646478744243,1.824399808299404,0.8154736871606986,0.8161332149270755,1314.4709752065683,39499.75963041332,0.2430179137368029,0.4295652602798571,7366.108344072392,9407.39969428271,4.309503924043239,4.301184220923129,0.720798983161242,0.7210451953737804,6215.695037768164,37996.61670147447,0.36031679480898665,0.46016756026385086,2152.4875026145437,3415.9447176601134,1.9565838326867577,1.9464390168917014,0.663492571738511,0.6908459145771706,1531.419048045107,27364.686860084243,0.28305191440608546,0.44919642537510973
13,0.0005,0.06880473494529724,0.09111258983612061,4.362814903259277,6444.7644119286215,8266.827617439472,4.565709023741675,4.536842150304971,0.8364801162134545,0.836482671670409,5179.958952631627,40252.19473805983,0.31524880543928135,0.40437591890040336,1823.0597088478598,3218.9083966510934,1.7893931337020657,1.7999096667861598,0.8208288210337946,0.8209020049915496,1318.1986618064839,40272.79497248687,0.23973218893916792,0.4232861667550752,9124.744406644986,11549.699490451543,5.153811387508566,5.306048517057637,0.5791579068806669,0.7171739790927805,7702.616608242592,41220.48774707681,0.44634133853044483,0.5649592032888496,2193.968065351419,3435.3142622006544,1.960968408323328,1.984108752650316,0.659665533678188,0.6991759381933554,1782.686138840436,28775.15709650582,0.288506604702337,0.45174351875275515
14,0.0005,0.06834488213062287,0.07934588417410851,4.526574373245239,6368.324696986464,8139.77271790152,4.506547209160157,4.486282792456336,0.8414678449105581,0.8415087806085862,5283.031391975906,35605.452224534674,0.31150971937136673,0.39816096630564113,1832.4470428644513,3231.0841094564794,1.7946607143346898,1.8067560165615182,0.819470806175796,0.819975571865012,1333.2004081467749,40406.40573123463,0.24096662252418902,0.4248872719018586,8312.96818584535,10543.141605934195,4.783664572768866,4.89673745893929,0.6493144411646053,0.7234541449683787,7095.853177709447,43140.478410136886,0.4066329073863315,0.5157229317329394,1982.2987141702588,3311.291175600001,1.7923860009488286,1.8068586839248741,0.6837957289205003,0.6902722675399013,1394.1498957607837,29282.75734681204,0.2606721039211957,0.4354344939383365
15,0.0005,0.06729628629982472,0.0705057553946972,4.336725234985352,6393.89474776292,8172.883003897284,4.507462900658235,4.494412315915732,0.8401754941313143,0.8407414669685724,5262.113474884216,35903.940605598356,0.312760490919723,0.39978057215013063,1808.8713049445278,3238.520942528791,1.7708317306040717,1.784093972281018,0.8186388188345415,0.8191503960182501,1314.165263132527,39533.04538112049,0.23786641509271036,0.42586521478685996,7654.24976461662,9794.536972215492,4.418300263152999,4.4711225278079585,0.6973465542670256,0.721293993758094,5938.457471223344,40782.86121154754,0.37441137341856573,0.4791045696886534,1973.0862338657319,3268.2305658568275,1.7797470017892798,1.789267920753566,0.6919662073889492,0.6944033202803487,1486.369970397558,28571.51613774679,0.259460663583699,0.4297720276018333
16,0.0005,0.0656513987109065,0.07589868009090424,4.348991632461548,6260.900505713737,8079.059995737162,4.413457948249709,4.39437689172013,0.843823936161139,0.8438716060183169,5234.455260175906,36278.52142905511,0.3062550124791603,0.3951911737866384,1801.8404271541904,3193.178872918034,1.7635031226457427,1.7751356763267576,0.8236816917274097,0.8240351512349094,1273.9600997813977,39245.02222253302,0.23694185529104234,0.4199027366814728,8070.194915998998,10309.631266159464,4.61198033959146,4.70181100286962,0.6646764401315817,0.722876704453858,6630.788187035127,40806.992003022024,0.39475753407245306,0.5043006591770252,1994.7520671556226,3285.901458796255,1.7938777600334699,1.807769814469146,0.6886262058307411,0.6981652788245498,1537.4574178126204,28570.870916586384,0.26230971872685677,0.4320957484455987
17,0.00025,0.06555596124380828,0.08036422133445739,4.853285789489746,6265.998938163564,8013.76377453566,4.435049938753975,4.4125983948227265,0.8463382130915718,0.8463382953912568,5102.792485650076,38522.127688240755,0.30650440479774466,0.391997177168954,1759.751589739022,3202.357297238606,1.720208475496322,1.7332301750888846,0.8226666216943828,0.8230147487074735,1255.1017097919976,39875.32055119809,0.23140717692890586,0.4211096986601201,8471.723670422778,10822.696587400194,4.798375107666114,4.916722647006256,0.6304707935797047,0.7250444574284688,6980.371242860623,40080.313387942006,0.4143985096133634,0.5293975004725876,2013.4132569193537,3286.604456546426,1.8051948241971125,1.8220657692645543,0.6884929586867753,0.7066214804809552,1593.633438379009,28475.710270875235,0.26476366351459807,0.4321881925869781
18,0.00025,0.06384829003363848,0.07710578218102455,4.3320043087005615,6188.473254597547,7971.715770954377,4.374169998241034,4.35476419477655,0.8479465012196246,0.8480411405647308,4971.404270357889,39627.04608689164,0.30271219804309357,0.38994037849442503,1735.3660010062147,3166.629488813251,1.6967800419253376,1.709053548183212,0.8266014667967272,0.8268784593235105,1221.1614773601323,39614.358892983655,0.22820047418784162,0.41641149504219116,8092.466648840502,10344.829800260999,4.634803396995941,4.728409270039786,0.6623828476974738,0.7219337116721427,6740.469235708355,41894.66643709468,0.39584696678474146,0.5060224126996496,1988.9720001169826,3298.759435929468,1.7931883170938336,1.8060937980424376,0.6861845803342144,0.6922160140340086,1494.025170082954,29107.651041244375,0.2615496404273566,0.4337865712905745
19,0.00025,0.06412421148270368,0.08392670899629592,4.387584924697876,6251.755279839695,7963.61116070325,4.416765418449162,4.397240805105787,0.848255520743447,0.8483482598359684,5194.428220461399,33361.925689918775,0.305807669279628,0.3895439375173911,1734.1274704471784,3159.2722181896816,1.6972869286952008,1.7087081474586596,0.8274062707229849,0.8275346054211855,1207.9152442334744,39090.051559331885,0.22803760752991223,0.4154440146120955,8447.64843364121,10792.25493319908,4.801310393922326,4.919358691081444,0.6325466643654316,0.7229437368212508,7156.232702321402,41868.983380465885,0.4132208576231666,0.5279084320584289,2117.9554661956117,3387.0892236412287,1.8976459697152126,1.9180936433656357,0.6691537149311606,0.6961696232438734,1691.481051319599,29326.49231704361,0.27851095470023496,0.4454019304880278
20,0.00025,0.06537101268768311,0.08221146613359451,4.5361552238464355,6270.1348883227,8059.1634317133,4.447390477806363,4.424622828027292,0.8445922286971047,0.8446098938258806,5057.891119166481,38769.877587828494,0.30670671682401685,0.39421792361953234,1754.4906780960098,3185.3198278019304,1.7159577531519186,1.7284585127488257,0.8245485321779944,0.8248621154789948,1225.6148220677715,40233.899828603564,0.2307153675175773,0.41886927295041054,8397.801346996772,10720.677343676049,4.781376304042418,4.9009900825056345,0.6374046304863517,0.7286727595555429,7126.445661840611,42289.88119139179,0.410782562983536,0.5244071792350373,2049.253927153619,3345.0023541601245,1.8404415946800694,1.8601639795506626,0.6773246098729655,0.7001889533179149,1572.4638583618653,29490.79168704168,0.2694767084503218,0.439867510909045
